{
    "prepare_queue": {
        "installed": [],
        "uninstalled": []
    },
    "config_munge": {
        "files": {
            "res/xml/config.xml": {
                "parents": {
                    "/*": [
                        {
                            "xml": "<feature name=\"Whitelist\"><param name=\"android-package\" value=\"org.apache.cordova.whitelist.WhitelistPlugin\" /><param name=\"onload\" value=\"true\" /></feature>",
                            "count": 1
                        },
                        {
                            "xml": "<feature name=\"SpeechRecognition\"><param name=\"android-package\" value=\"org.apache.cordova.speech.SpeechRecognition\" /></feature>",
                            "count": 1
                        }
                    ]
                }
            },
            "AndroidManifest.xml": {
                "parents": {
                    "/*": [
                        {
                            "xml": "<uses-permission android:name=\"android.permission.RECORD_AUDIO\" />",
                            "count": 1
                        }
                    ]
                }
            }
        }
    },
    "installed_plugins": {
        "cordova-plugin-whitelist": {
            "PACKAGE_NAME": "com.alfath.home"
        },
        "cordova-plugin-compat": {
            "PACKAGE_NAME": "com.alfath.home"
        },
        "org.apache.cordova.speech.speechrecognition": {
            "PACKAGE_NAME": "com.alfath.home"
        }
    },
    "dependent_plugins": {},
    "modules": [
        {
            "file": "plugins/org.apache.cordova.speech.speechrecognition/www/SpeechRecognition.js",
            "id": "org.apache.cordova.speech.speechrecognition.SpeechRecognition",
            "clobbers": [
                "SpeechRecognition"
            ]
        },
        {
            "file": "plugins/org.apache.cordova.speech.speechrecognition/www/SpeechRecognitionError.js",
            "id": "org.apache.cordova.speech.speechrecognition.SpeechRecognitionError",
            "clobbers": [
                "SpeechRecognitionError"
            ]
        },
        {
            "file": "plugins/org.apache.cordova.speech.speechrecognition/www/SpeechRecognitionAlternative.js",
            "id": "org.apache.cordova.speech.speechrecognition.SpeechRecognitionAlternative",
            "clobbers": [
                "SpeechRecognitionAlternative"
            ]
        },
        {
            "file": "plugins/org.apache.cordova.speech.speechrecognition/www/SpeechRecognitionResult.js",
            "id": "org.apache.cordova.speech.speechrecognition.SpeechRecognitionResult",
            "clobbers": [
                "SpeechRecognitionResult"
            ]
        },
        {
            "file": "plugins/org.apache.cordova.speech.speechrecognition/www/SpeechRecognitionResultList.js",
            "id": "org.apache.cordova.speech.speechrecognition.SpeechRecognitionResultList",
            "clobbers": [
                "SpeechRecognitionResultList"
            ]
        },
        {
            "file": "plugins/org.apache.cordova.speech.speechrecognition/www/SpeechRecognitionEvent.js",
            "id": "org.apache.cordova.speech.speechrecognition.SpeechRecognitionEvent",
            "clobbers": [
                "SpeechRecognitionEvent"
            ]
        },
        {
            "file": "plugins/org.apache.cordova.speech.speechrecognition/www/SpeechGrammar.js",
            "id": "org.apache.cordova.speech.speechrecognition.SpeechGrammar",
            "clobbers": [
                "SpeechGrammar"
            ]
        },
        {
            "file": "plugins/org.apache.cordova.speech.speechrecognition/www/SpeechGrammarList.js",
            "id": "org.apache.cordova.speech.speechrecognition.SpeechGrammarList",
            "clobbers": [
                "SpeechGrammarList"
            ]
        }
    ],
    "plugin_metadata": {
        "cordova-plugin-whitelist": "1.2.2",
        "cordova-plugin-compat": "1.0.0",
        "org.apache.cordova.speech.speechrecognition": "0.1.1"
    }
}